{"cameraMode":{"drawMode":0,"name":"Shaded","section":"Shading Mode"},"sceneLighting":true,"audioPlay":false,"sceneViewState":{"m_AlwaysRefresh":false,"showFog":true,"showSkybox":true,"showFlares":true,"showImageEffects":true,"showParticleSystems":true,"showVisualEffectGraphs":true,"m_FxEnabled":true},"in2DMode":false,"pivot":{"x":-2.9419362545013429,"y":-2.7423481941223146,"z":25.98224639892578},"rotation":{"x":-0.15775302052497865,"y":0.10406620055437088,"z":-0.01672050729393959,"w":-0.9818379282951355},"size":10.506062507629395,"orthographic":false}